<GeoServerTileLayer>
  <id>LayerInfoImpl--56cfc338:16a2aa3373a:-7e9a</id>
  <enabled>true</enabled>
  <inMemoryCached>true</inMemoryCached>
  <name>oqplatform:qgis_irmt_db85bd6d_5d70_4e89_a2c9_a7122dae3f15</name>
  <mimeFormats>
    <string>image/png</string>
    <string>image/jpeg</string>
    <string>image/gif</string>
    <string>image/png8</string>
  </mimeFormats>
  <gridSubsets>
    <gridSubset>
      <gridSetName>EPSG:900913</gridSetName>
    </gridSubset>
    <gridSubset>
      <gridSetName>EPSG:4326</gridSetName>
    </gridSubset>
  </gridSubsets>
  <metaWidthHeight>
    <int>4</int>
    <int>4</int>
  </metaWidthHeight>
  <expireCache>0</expireCache>
  <expireClients>0</expireClients>
  <parameterFilters>
    <styleParameterFilter>
      <key>STYLES</key>
      <defaultValue></defaultValue>
      <availableStyles class="sorted-set">
        <string>qgis_irmt_db85bd6d_5d70_4e89_a2c9_a7122dae3f15_4343c4c6</string>
      </availableStyles>
      <defaultStyle>qgis_irmt_db85bd6d_5d70_4e89_a2c9_a7122dae3f15</defaultStyle>
    </styleParameterFilter>
  </parameterFilters>
  <gutter>0</gutter>
</GeoServerTileLayer>