<GeoServerTileLayer>
  <id>LayerInfoImpl--3ff8b4c5:17367a0bf31:-3fe2</id>
  <enabled>true</enabled>
  <inMemoryCached>true</inMemoryCached>
  <name>oqplatform:pak_water_areas_dcw</name>
  <mimeFormats>
    <string>image/png</string>
    <string>image/jpeg</string>
    <string>image/gif</string>
    <string>image/png8</string>
  </mimeFormats>
  <gridSubsets>
    <gridSubset>
      <gridSetName>EPSG:900913</gridSetName>
      <extent>
        <coords>
          <double>6820808.743695201</double>
          <double>2716249.2510102643</double>
          <double>8443289.321642797</double>
          <double>4377883.620995247</double>
        </coords>
      </extent>
    </gridSubset>
    <gridSubset>
      <gridSetName>EPSG:4326</gridSetName>
      <extent>
        <coords>
          <double>61.2723674451747</double>
          <double>23.6946949965468</double>
          <double>75.8473584587487</double>
          <double>36.5595020085282</double>
        </coords>
      </extent>
    </gridSubset>
  </gridSubsets>
  <metaWidthHeight>
    <int>4</int>
    <int>4</int>
  </metaWidthHeight>
  <expireCache>0</expireCache>
  <expireClients>0</expireClients>
  <parameterFilters>
    <stringParameterFilter>
      <key>STYLES</key>
      <defaultValue>polygon</defaultValue>
      <values>
        <string>pak_water_areas_dcw_604259ae</string>
      </values>
    </stringParameterFilter>
  </parameterFilters>
  <gutter>0</gutter>
</GeoServerTileLayer>