<GeoServerTileLayer>
  <id>LayerInfoImpl--56cfc338:16a2aa3373a:-7f72</id>
  <enabled>true</enabled>
  <inMemoryCached>true</inMemoryCached>
  <name>oqplatform:himalayanfrontalthrust_20_06_14</name>
  <mimeFormats>
    <string>image/png</string>
    <string>image/jpeg</string>
    <string>image/gif</string>
    <string>image/png8</string>
  </mimeFormats>
  <gridSubsets>
    <gridSubset>
      <gridSetName>EPSG:900913</gridSetName>
      <extent>
        <coords>
          <double>8197744.421462837</double>
          <double>3077954.590105946</double>
          <double>1.0650899310251834E7</double>
          <double>3911839.3413069053</double>
        </coords>
      </extent>
    </gridSubset>
    <gridSubset>
      <gridSetName>EPSG:4326</gridSetName>
      <extent>
        <coords>
          <double>73.6415910910561</double>
          <double>26.6350901334031</double>
          <double>95.6786564001729</double>
          <double>33.1244879750402</double>
        </coords>
      </extent>
    </gridSubset>
  </gridSubsets>
  <metaWidthHeight>
    <int>4</int>
    <int>4</int>
  </metaWidthHeight>
  <expireCache>0</expireCache>
  <expireClients>0</expireClients>
  <parameterFilters>
    <stringParameterFilter>
      <key>STYLES</key>
      <defaultValue>himalayanfrontalthrust_20_06_14</defaultValue>
      <values>
        <string>himalayanfrontalthrust_20_06_14_f01ee287</string>
      </values>
    </stringParameterFilter>
  </parameterFilters>
  <gutter>0</gutter>
</GeoServerTileLayer>