<GeoServerTileLayer>
  <id>LayerInfoImpl--56cfc338:16a2aa3373a:-7f26</id>
  <enabled>true</enabled>
  <inMemoryCached>true</inMemoryCached>
  <name>oqplatform:qgis_irmt_43ce5f57_2cce_45a5_9564_2105bccc12a6</name>
  <mimeFormats>
    <string>image/png</string>
    <string>image/jpeg</string>
    <string>image/gif</string>
    <string>image/png8</string>
  </mimeFormats>
  <gridSubsets>
    <gridSubset>
      <gridSetName>EPSG:900913</gridSetName>
      <extent>
        <coords>
          <double>-8788451.747325653</double>
          <double>-65565.16730953757</double>
          <double>-8701276.520036735</double>
          <double>28446.391936587544</double>
        </coords>
      </extent>
    </gridSubset>
    <gridSubset>
      <gridSetName>EPSG:4326</gridSetName>
      <extent>
        <coords>
          <double>-78.9480052836955</double>
          <double>-0.588971546154832</double>
          <double>-78.1648968929932</double>
          <double>0.255537439379467</double>
        </coords>
      </extent>
    </gridSubset>
  </gridSubsets>
  <metaWidthHeight>
    <int>4</int>
    <int>4</int>
  </metaWidthHeight>
  <expireCache>0</expireCache>
  <expireClients>0</expireClients>
  <parameterFilters>
    <stringParameterFilter>
      <key>STYLES</key>
      <defaultValue>qgis_irmt_43ce5f57_2cce_45a5_9564_2105bccc12a6</defaultValue>
      <values>
        <string>qgis_irmt_43ce5f57_2cce_45a5_9564_2105bccc12a6_680cf5ab</string>
      </values>
    </stringParameterFilter>
  </parameterFilters>
  <gutter>0</gutter>
</GeoServerTileLayer>