<GeoServerTileLayer>
  <id>LayerInfoImpl--56cfc338:16a2aa3373a:-7e42</id>
  <enabled>true</enabled>
  <inMemoryCached>true</inMemoryCached>
  <name>oqplatform:gaf_viewer_faulttrace</name>
  <mimeFormats>
    <string>image/png</string>
    <string>image/jpeg</string>
    <string>image/gif</string>
    <string>image/png8</string>
  </mimeFormats>
  <gridSubsets>
    <gridSubset>
      <gridSetName>EPSG:900913</gridSetName>
    </gridSubset>
    <gridSubset>
      <gridSetName>EPSG:4326</gridSetName>
    </gridSubset>
  </gridSubsets>
  <metaWidthHeight>
    <int>4</int>
    <int>4</int>
  </metaWidthHeight>
  <expireCache>0</expireCache>
  <expireClients>0</expireClients>
  <parameterFilters>
    <styleParameterFilter>
      <key>STYLES</key>
      <defaultValue></defaultValue>
      <availableStyles class="sorted-set">
        <string>gaf_viewer_faulttrace_226b2702</string>
        <string>gaf_viewer_faulttrace_4cb13104</string>
        <string>gaf_viewer_faulttrace_fce5fad3</string>
      </availableStyles>
      <defaultStyle>gaf_viewer__ns_net_slip_rate</defaultStyle>
    </styleParameterFilter>
  </parameterFilters>
  <gutter>0</gutter>
</GeoServerTileLayer>