<GeoServerTileLayer>
  <id>LayerInfoImpl--56cfc338:16a2aa3373a:-7f7a</id>
  <enabled>true</enabled>
  <inMemoryCached>true</inMemoryCached>
  <name>oqplatform:finite_rupture_nepal_1</name>
  <mimeFormats>
    <string>image/png</string>
    <string>image/jpeg</string>
    <string>image/gif</string>
    <string>image/png8</string>
  </mimeFormats>
  <gridSubsets>
    <gridSubset>
      <gridSetName>EPSG:900913</gridSetName>
    </gridSubset>
    <gridSubset>
      <gridSetName>EPSG:4326</gridSetName>
    </gridSubset>
  </gridSubsets>
  <metaWidthHeight>
    <int>4</int>
    <int>4</int>
  </metaWidthHeight>
  <expireCache>0</expireCache>
  <expireClients>0</expireClients>
  <parameterFilters>
    <stringParameterFilter>
      <key>STYLES</key>
      <defaultValue>finite_rupture_nepal_1</defaultValue>
      <values>
        <string>finite_rupture_nepal_1_6845f7d0</string>
      </values>
    </stringParameterFilter>
  </parameterFilters>
  <gutter>0</gutter>
</GeoServerTileLayer>