<GeoServerTileLayer>
  <id>LayerInfoImpl-5f5c548c:16b45820ecb:-51e</id>
  <enabled>true</enabled>
  <inMemoryCached>true</inMemoryCached>
  <name>oqplatform:qgis_irmt_c6e4cd75_ffdb_40cb_9c85_8dc68bb49a7e_1</name>
  <mimeFormats>
    <string>image/png</string>
    <string>image/jpeg</string>
    <string>image/gif</string>
    <string>image/png8</string>
  </mimeFormats>
  <gridSubsets>
    <gridSubset>
      <gridSetName>EPSG:4326</gridSetName>
      <extent>
        <coords>
          <double>19.2637500762942</double>
          <double>39.6503295898438</double>
          <double>21.0496654510499</double>
          <double>42.6607131958009</double>
        </coords>
      </extent>
    </gridSubset>
    <gridSubset>
      <gridSetName>EPSG:900913</gridSetName>
      <extent>
        <coords>
          <double>2144430.849261955</double>
          <double>4815258.478126105</double>
          <double>2343238.039379638</double>
          <double>5260470.700556686</double>
        </coords>
      </extent>
    </gridSubset>
  </gridSubsets>
  <metaWidthHeight>
    <int>4</int>
    <int>4</int>
  </metaWidthHeight>
  <expireCache>0</expireCache>
  <expireClients>0</expireClients>
  <parameterFilters>
    <stringParameterFilter>
      <key>STYLES</key>
      <defaultValue>polygon</defaultValue>
      <values>
        <string>qgis_irmt_c6e4cd75_ffdb_40cb_9c85_8dc68bb49a7e_1_27946252</string>
      </values>
    </stringParameterFilter>
  </parameterFilters>
  <gutter>0</gutter>
</GeoServerTileLayer>