<GeoServerTileLayer>
  <id>LayerGroupInfoImpl--56cfc338:16a2aa3373a:-7d93</id>
  <enabled>true</enabled>
  <inMemoryCached>true</inMemoryCached>
  <name>japan_1050</name>
  <mimeFormats>
    <string>image/png</string>
    <string>image/jpeg</string>
    <string>image/gif</string>
    <string>image/png8</string>
  </mimeFormats>
  <gridSubsets>
    <gridSubset>
      <gridSetName>EPSG:900913</gridSetName>
    </gridSubset>
    <gridSubset>
      <gridSetName>EPSG:4326</gridSetName>
    </gridSubset>
  </gridSubsets>
  <metaWidthHeight>
    <int>4</int>
    <int>4</int>
  </metaWidthHeight>
  <expireCache>0</expireCache>
  <expireClients>0</expireClients>
  <parameterFilters/>
  <gutter>0</gutter>
</GeoServerTileLayer>