<GeoServerTileLayer>
  <id>LayerInfoImpl--2b82f953:1785ece18b1:-58e2</id>
  <enabled>true</enabled>
  <inMemoryCached>true</inMemoryCached>
  <name>oqplatform:hmap_10k</name>
  <mimeFormats>
    <string>image/png</string>
    <string>image/jpeg</string>
    <string>image/gif</string>
    <string>image/png8</string>
  </mimeFormats>
  <gridSubsets>
    <gridSubset>
      <gridSetName>EPSG:900913</gridSetName>
      <extent>
        <coords>
          <double>4340699.828815551</double>
          <double>-1251404.5219828433</double>
          <double>4500999.8955578655</double>
          <double>-504593.55451067985</double>
        </coords>
      </extent>
    </gridSubset>
    <gridSubset>
      <gridSetName>EPSG:4326</gridSetName>
      <extent>
        <coords>
          <double>38.99317</double>
          <double>-11.17012</double>
          <double>40.43317</double>
          <double>-4.52812</double>
        </coords>
      </extent>
    </gridSubset>
  </gridSubsets>
  <metaWidthHeight>
    <int>4</int>
    <int>4</int>
  </metaWidthHeight>
  <expireCache>0</expireCache>
  <expireClients>0</expireClients>
  <parameterFilters>
    <stringParameterFilter>
      <key>STYLES</key>
      <defaultValue>point</defaultValue>
      <values>
        <string>hmap_10k_ee106191</string>
      </values>
    </stringParameterFilter>
  </parameterFilters>
  <gutter>0</gutter>
</GeoServerTileLayer>