<GeoServerTileLayer>
  <id>LayerInfoImpl--56cfc338:16a2aa3373a:-7ea6</id>
  <enabled>true</enabled>
  <inMemoryCached>true</inMemoryCached>
  <name>oqplatform:qgis_irmt_ca32a6fb_92f3_4900_b9c1_f118b4ebc23d</name>
  <mimeFormats>
    <string>image/png</string>
    <string>image/jpeg</string>
    <string>image/gif</string>
    <string>image/png8</string>
  </mimeFormats>
  <gridSubsets>
    <gridSubset>
      <gridSetName>EPSG:900913</gridSetName>
    </gridSubset>
    <gridSubset>
      <gridSetName>EPSG:4326</gridSetName>
    </gridSubset>
  </gridSubsets>
  <metaWidthHeight>
    <int>4</int>
    <int>4</int>
  </metaWidthHeight>
  <expireCache>0</expireCache>
  <expireClients>0</expireClients>
  <parameterFilters>
    <styleParameterFilter>
      <key>STYLES</key>
      <defaultValue></defaultValue>
      <availableStyles class="sorted-set"/>
      <defaultStyle>qgis_irmt_ca32a6fb_92f3_4900_b9c1_f118b4ebc23d</defaultStyle>
    </styleParameterFilter>
  </parameterFilters>
  <gutter>0</gutter>
</GeoServerTileLayer>